"id","equipe","horas","desempenho"
1,"JV",87.67197251951,42.8783223036576
2,"JV",51.9582646846195,36.3521265772598
3,"JV",2.17832438978976,29.2083161669976
4,"JV",11.2125664420929,35.746724003459
5,"JV",51.709194489504,35.0117603532119
6,"JV",0.0418329454460322,29.2524046388855
7,"JV",34.5789402769514,33.9297098211587
8,"JV",141.758673313007,41.9183760810028
9,"JV",8.43792845010355,31.0435445493622
10,"JV",57.3194602723608,38.9910923776447
11,"JV",0.00151218259114499,30.712973301226
12,"JV",85.7196685637824,44.2622532884522
13,"JV",6.8845906741084,28.6117132118884
14,"JV",137.077904788004,42.6277986916045
15,"JV",2.69934514073088,34.9475036639257
16,"JV",18.6910292727214,27.6464785964352
17,"JV",49.5583337737631,30.024747050422
18,"JV",3.81205007016481e-05,32.2554899951896
19,"JV",14.3238881308393,30.0013528116378
20,"JV",0.0176978758969674,26.5744424932022
21,"JV",16.9043444601856,28.4451251885512
22,"JV",17.119202099119,34.4863846247848
23,"JV",6.98348342738668,28.2865017168252
24,"JV",0.326069365549424,29.8868261950795
25,"JV",26.0738632496023,29.8577206053915
26,"JV",4.15227938372972,31.9358220436973
27,"JV",25.8266968638803,30.2531855299249
28,"JV",2.17621201364951,31.7923976566094
29,"JV",0.00123566330797233,28.0819819442483
30,"JV",62.1825399539335,42.7175331876776
31,"JV",161.411088712364,47.5483822951415
32,"JV",3.64826257415738,23.8387151079537
33,"JV",97.3410488003287,44.5463617016871
34,"JV",0.015145116684271,29.7404022422771
35,"JV",58.5317810491023,36.650456753901
36,"JV",28.0702471796891,37.6673213942856
37,"JV",5.5522244162514,31.9755998873516
38,"JV",36.4788570779347,42.6126723031807
39,"JV",104.7307339018,38.6309023959019
40,"JV",31.3585324986116,34.3692791280586
41,"JV",20.4707224599572,33.7101362405154
42,"JV",147.02646585487,47.4743144652696
43,"JV",29.419153174024,35.8513639213551
44,"JV",30.2887680978892,34.9493195642508
45,"JV",0.634272506074632,25.7154648173594
46,"JV",0.0873900813162916,28.5619428466794
47,"JV",168.690984310007,47.1177338297655
48,"JV",12.0268258796757,29.4727312247167
49,"JV",44.2941623808879,35.5569176760667
50,"JV",7.25110302444769,27.9376083321298
51,"JV",187.2694501824,51.9018520030933
52,"JV",69.7408726755043,37.7004742937684
53,"JV",181.32232456365,50.0496808738815
54,"JV",151.539745122248,44.378041017175
55,"JV",45.0749017348942,32.1212000358664
56,"JV",92.7282883101224,44.382328575099
57,"JV",100.260567244987,37.0072791179384
58,"JV",0.16715492190473,27.2153719991383
59,"JV",181.115125327405,45.7135156524294
60,"JV",5.00103563263372,36.8747327826371
61,"JV",12.3912410501829,30.8725193329316
62,"JV",155.189347403412,49.4090955841228
63,"JV",54.0308128282324,31.8067539528638
64,"JV",32.7771193260728,31.7932793916674
65,"JV",24.2347948671545,31.8664565230932
66,"JV",0.653085656436508,32.368906512548
67,"JV",69.1941156035804,35.8572856126707
68,"JV",34.3855374185084,35.8765235484402
69,"JV",55.4244691786984,35.9371498330957
70,"JV",77.5091380206926,38.3818117669654
71,"JV",148.23918329515,52.2481338370259
72,"JV",21.4651580506392,29.7761577531771
73,"JV",95.0257310349838,42.9160518325932
74,"JV",140.567643045454,47.8974494700878
75,"JV",4.19064580382333,36.2549148937097
76,"JV",69.7882085639735,38.113240343568
77,"JV",93.3850463743384,40.2162519787728
78,"JV",48.8508216242607,35.4216641653081
79,"JV",5.20789846205047,33.0240924171911
80,"JV",156.955141287697,47.8324097958343
81,"JV",1.6313450364734,29.1767753843849
82,"JV",178.410126581689,50.9420061280967
83,"JV",113.511949216029,43.4306391665329
84,"JV",183.009581638282,50.751372149406
85,"JV",1.36180877843076,39.9883756604603
86,"JV",189.824312505629,49.9522045976
87,"JV",66.724757778291,34.8743814221572
88,"JV",168.179738479115,48.2957233826733
89,"JV",5.06416666963502,29.5769414738598
90,"JV",5.86265016785893,27.8900252392604
91,"JV",165.893778312507,45.2716255716079
92,"JV",94.5856821656828,39.8443484743153
93,"JV",106.93870339741,44.0978353344491
94,"JV",11.1723650844972,32.3667155679304
95,"JV",17.1444441767399,28.8298588110485
96,"JV",16.8856126282811,31.1438538863586
97,"JV",115.60838455104,36.2068303494586
98,"JV",19.6306326562116,31.2552669776909
99,"JV",78.2895594803795,33.2386456503474
100,"JV",20.6755029727997,27.2022740117864
101,"JV",1.55456402371188,33.5229398981317
102,"JV",130.59539031236,42.4360673047
103,"JV",26.945940881501,32.7061076922628
104,"JV",0.635599422335287,31.8542130215431
105,"JV",3.68015183805054,28.7718027749684
106,"JV",3.92171675930718,29.654007258843
107,"JV",80.5562094438769,36.0516789043809
108,"JV",63.4390318947066,35.1072264095351
109,"JV",8.98767133892938,27.2249710494421
110,"JV",59.5119140211716,38.7105407255461
111,"JV",25.512625042631,34.7185730347675
112,"JV",143.818824493578,41.6316927267817
113,"JV",1.20058168795075,36.3556723505783
114,"JV",14.7488111139738,30.6001311604073
115,"JV",3.31854909555567,29.2780140214965
116,"JV",0.218642937399817,24.77420190902
117,"JV",51.2632359661054,35.2460423139451
118,"JV",2.2425308425224,27.0355878066336
119,"JV",2.90748838020952,31.5205983936265
120,"JV",112.543709281194,41.9383211958726
121,"JV",30.8635669925564,36.095061442754
122,"JV",1.88247891713164,27.8287049066495
123,"JV",54.1118508751701,29.5921353072771
124,"JV",110.912577216168,42.4564179545636
125,"JV",27.3770445142116,34.282484339855
126,"JV",0.319529188867845,34.5258336540842
127,"JV",22.3227279687811,31.6611224909232
128,"JV",33.9298581320493,35.1414774641308
129,"JV",0.132040027301152,31.6237082374558
130,"JV",25.834448935892,30.9164577535119
131,"JV",23.2777051544868,26.8795221490992
132,"JV",72.2629467273861,34.8147157858425
133,"JV",0.0952237485761388,30.5289482366608
134,"JV",0.849222478083596,30.5589254659731
135,"JV",147.302328315625,39.9270363899003
136,"JV",0.00068237276169894,29.6742053664886
137,"JV",2.86426952899949,26.3726991825187
138,"JV",42.1681146685217,36.8237072182762
139,"JV",52.4709593177506,35.5189849826277
140,"JV",16.3275657497567,29.8830058013163
141,"JV",87.5621413525566,40.8973163115551
142,"JV",11.1231019507105,28.0706884807649
143,"JV",41.0189248622461,38.1834454524255
144,"JV",72.0471579911646,34.5106550631188
145,"JV",161.41235812482,39.8158805283472
146,"JV",0.512749612809254,26.8401448690019
147,"JV",4.85087422823819,29.2374890968255
148,"JV",71.0948060077988,36.4915426270307
149,"JV",79.9613926053152,35.1985497933188
150,"JV",0.26455818745306,28.6516683283631
151,"JV",3.13817862776417,31.2718556509118
152,"JV",0.189887185443808,30.9224856573011
153,"JV",192.349700575385,49.6214122804457
154,"JV",47.5464029756527,31.5515763687367
155,"JV",104.525185987948,41.1977968734468
156,"JV",99.7347459652395,44.8851482908888
157,"JV",19.7747110008069,29.1479492691627
158,"JV",87.2279624896933,45.4411637174618
159,"JV",114.217137738356,44.4515548689133
160,"JV",0.0488983222342358,25.581212808351
161,"JV",1.64176795728909,26.8159862251986
162,"JV",41.627063034087,33.100911089233
163,"JV",171.076863400375,47.0999737228855
164,"JV",1.32275339787515,26.9365255973727
165,"JV",1.64227497221793,27.8904763796707
166,"JV",21.4164002139403,33.4587287929524
167,"JV",0.306714305473023,31.0036587698178
168,"JV",31.6095965776115,30.5194365414576
169,"JV",36.6144461312849,32.0056481011104
170,"JV",0.969119418871174,26.8980854470194
171,"JV",120.440314421711,32.932482459178
172,"JV",95.9917945318259,37.5220432094793
173,"JV",39.7903574382674,31.7426061128206
174,"JV",114.278479144302,41.0571385673257
175,"JV",6.3755558398691,27.2065365431352
176,"JV",55.092160551461,37.1760401638774
177,"JV",149.11609101001,39.9682396055959
178,"JV",173.520108794965,53.0605219128558
179,"JV",196.393980791759,45.6914474912149
180,"JV",45.413278605852,36.0759066739143
181,"JV",0.0416562294479377,36.6564414432718
182,"JV",9.9124268860164,28.5385812039022
183,"JV",169.130830424257,45.6119952000959
184,"JV",69.0324007682139,34.5284787087144
185,"JV",14.2835302514004,31.7834325207555
186,"JV",9.20065350791345,32.8565447699715
187,"JV",132.737956680458,37.9460221826514
188,"JV",2.28495153650283,26.6530725972651
189,"JV",0.0841154584025424,25.1410240640227
190,"JV",25.9064988955113,34.1073391752725
191,"JV",23.9189445058711,33.6858395230729
192,"JV",1.00122230309018,27.6168944706123
193,"JV",3.34268234686282,26.7679453253013
194,"JV",162.759405444034,40.5333286577355
195,"JV",13.7235021451705,33.7618370070129
196,"JV",12.9676043709526,28.6651919396987
197,"JV",2.19745931860915,32.7265751229685
198,"JV",50.9113572375443,42.0736406532912
199,"JV",72.7134259729414,41.9828199219885
200,"JV",4.56676429186524,27.5625015125848
201,"JV",152.210768591547,49.2057049454427
202,"JV",69.2098681648902,34.5733846050928
203,"JV",13.5969663245498,32.3687653135519
204,"JV",183.482107571503,48.9216516309111
205,"JV",25.7161396421024,34.474584314722
206,"JV",102.607047801993,40.2920675196373
207,"JV",1.93630574264728,31.2136696261601
208,"JV",186.16850476855,50.8292012573511
209,"JV",134.050948175129,35.9770632814404
210,"JV",55.9326657902892,34.6373599884806
211,"JV",91.8275432859653,40.5101981058653
212,"JV",2.4512774310588,30.9710682825745
213,"JV",0.296407778638613,30.484904967131
214,"JV",0.500260705873572,36.1015793750718
215,"JV",169.550791455383,46.493858302618
216,"JV",51.7676181871379,35.4923919551971
217,"JV",1.55869229288785,29.7265734221613
218,"JV",2.23387617308363,38.4413385209937
219,"JV",2.40852831571818,28.0625851484168
220,"JV",17.5256147760659,35.5888419323234
221,"JV",0.449064106342288,34.0277618612534
222,"JV",68.8160377818499,34.2891016776215
223,"JV",1.4199902927663,34.4738875685958
224,"JV",101.074517562236,42.1711203477594
225,"JV",19.5598296895027,35.481947241894
226,"JV",144.428834012501,38.307360628565
227,"JV",88.9029364632824,36.183282508342
228,"JV",1.87823550489697,28.8342500153246
229,"JV",7.40362633249872,31.399578993698
230,"JV",4.07842279401576,30.1910390254442
231,"JV",27.3653215629727,32.2171733648697
232,"JV",5.13114252519362,32.6099831570671
233,"JV",22.8275030232636,35.4812177170989
234,"JV",39.970678363129,39.8301680464819
235,"JV",148.735801229376,46.986313026325
236,"JV",94.4779222219794,35.3807522889689
237,"JV",194.954633639165,44.6926514076187
238,"JV",0.466754549072033,34.7158203234821
239,"JV",2.26607727287633,28.8492087741445
240,"JV",153.937120038452,46.6312599884924
241,"JV",187.215528170723,50.1217470029642
242,"JV",48.6013006466216,37.1937203243248
243,"JV",192.485982430188,47.7777538468943
244,"JV",126.492587125911,41.5006474978952
245,"JV",59.7804870082052,37.5107808684998
246,"JV",44.7081409201233,31.7266589479097
247,"JV",124.981861401354,41.7042558276925
248,"JV",14.2241520862001,29.3846791058711
249,"JV",0.129211209924122,26.1695349047809
250,"JV",0.532339750634235,30.6214675245202
251,"JV",82.4904746873418,39.8262156341024
252,"JV",20.0822777757183,32.3522761098124
253,"JV",11.8961012808799,32.3588045940054
254,"JV",88.8989167084368,38.5735887933266
255,"JV",29.374285898407,32.3233969177403
256,"JV",3.387893459188,24.8412645878234
257,"JV",90.852563492695,43.3258319449433
258,"JV",159.381693376311,51.0409533588815
259,"JV",137.354071310878,46.7631713037896
260,"JV",73.2979060830383,39.3943547698738
261,"JV",37.2542169389146,34.015292889352
262,"JV",59.3777631425796,34.5248795676349
263,"JV",198.091050038529,50.4873277108147
264,"JV",8.68917976170855,28.9329185989601
265,"JV",94.5723498435128,41.9193601737212
266,"JV",5.23520098164242,31.9153606519133
267,"JV",27.1677375175124,32.7517931784438
268,"JV",60.3817665865387,35.1437947431233
269,"JV",79.7793591696462,39.0342331606066
270,"JV",102.796816478297,42.8122259323408
271,"JV",33.537039319605,38.3067994709118
272,"JV",36.4827256749129,28.8414442973981
273,"JV",2.07145782331289,28.1087275363923
274,"JV",6.63854830491909,36.6494014613618
275,"JV",85.9303632962776,38.0192549777783
276,"JV",59.2172421097626,41.5378292529239
277,"JV",129.838961992637,40.1885345579262
278,"JV",89.8483761443359,43.1161474854046
279,"JV",74.010868659049,34.3925224562576
280,"JV",0.0526128640071728,26.9611374329154
281,"JV",72.9217540356924,38.3267213821018
282,"JV",106.980284922487,39.7360957826813
283,"JV",53.2409540272118,31.4307627945218
284,"JV",74.4203381879727,33.5706421460961
285,"JV",120.319885769959,43.110088638439
286,"JV",47.2438836111385,30.9244806337109
287,"JV",0.994949720324835,33.6584329758767
288,"JV",0.455250491908702,34.5744640674601
289,"JV",147.741209198755,40.5498688450722
290,"JV",108.630494357427,34.7381512614466
291,"JV",3.95598904980565,22.7123024714143
292,"JV",150.443855344788,47.7747003448018
293,"JV",69.4046670951731,33.1413400259788
294,"JV",145.226228077935,48.0790728218143
295,"JV",113.300750145257,40.593651876799
296,"JV",73.090252379559,32.6236918972287
297,"JV",60.2945273281995,32.9629638549272
298,"JV",41.8873009411612,34.3538352026706
299,"JV",0.302454197198733,37.0895787228075
300,"JV",29.3452291833889,34.2389694222254
301,"JV",42.448418497347,28.6264259187932
302,"JV",41.5363141559132,32.3948877475097
303,"JV",69.3707569201478,32.7515744025393
304,"JV",17.0634643057994,27.9576097662268
305,"JV",133.477294950121,45.9593829159051
306,"JV",1.18439351303632,28.5893368138859
307,"JV",85.642342147883,42.3350201074645
308,"JV",10.7240530552698,31.9221602990688
309,"JV",93.3501520748273,39.5107767341119
310,"JV",128.212361803833,48.6091996452918
311,"JV",146.500543433267,42.7868449632399
312,"JV",101.266251917086,41.2753667426411
313,"JV",7.48227294666091,42.7059060048765
314,"JV",113.048719387877,40.0607425382181
315,"JV",9.68556071892048,37.2261122949416
316,"JV",133.240817718852,37.7749545026751
317,"JV",39.9956425494064,34.9629443399965
318,"JV",31.0468929994691,31.1894436000375
319,"JV",69.779780001727,31.6488164382859
320,"JV",64.2382514451988,34.258821131502
321,"JV",165.118606877219,54.6506067736971
322,"JV",30.6958623728061,32.3969339555048
323,"JV",4.57208220614249,28.4794857970206
324,"JV",176.684240719375,51.3559929836072
325,"JV",4.44407576194936,28.0133289793189
326,"JV",82.9127987608979,39.1175639205688
327,"JV",113.149425131441,42.2955488439763
328,"JV",71.453893189577,35.6788175202947
329,"JV",17.1701024914257,30.4001671103334
330,"JV",102.797297832327,46.108136578064
331,"JV",26.4320703536099,32.0820849794498
332,"JV",89.2054639437378,46.5334362692878
333,"JV",96.2143449015782,38.9104004680788
334,"JV",141.36981579249,43.2693915827577
335,"JV",9.79533013257865,28.8379407276576
336,"JV",134.596101303801,33.3585764546808
337,"JV",7.11124326760691,24.0626286812076
338,"JV",48.6843717823413,34.5317421364416
339,"JV",24.1154104319206,29.8241066660597
340,"JV",63.9098947247986,41.8574847166433
341,"JV",17.5886489465225,32.9307424149164
342,"JV",49.6699800278975,33.2087716578394
343,"JV",7.95664353658219,34.4157783475037
344,"JV",0.912900314760557,27.5612530873102
345,"JV",122.986282708175,42.8893044349889
346,"JV",0.321229690532125,32.2798271918662
347,"JV",14.0571590094328,31.5514876994184
348,"JV",13.3049979365413,30.5235042730031
349,"JV",45.8846289047227,33.6413640424932
350,"JV",11.959225447061,29.8704661015487
351,"JV",51.5220984518069,40.2838176559443
352,"JV",194.425629329387,49.4913316666576
353,"JV",0.070484646292823,26.7900350579667
354,"JV",0.17431439720501,28.1596954653441
355,"JV",70.4838733356085,33.4851761733872
356,"JV",155.732441366141,47.0978231129852
357,"JV",170.683040450435,46.0473094681243
358,"JV",0.185288409720044,31.0191929007602
359,"JV",39.5960414025132,35.0367362633679
360,"JV",102.582331895766,29.5900793326884
361,"JV",6.08829357105295,27.5170897137645
362,"JV",9.33806719711731,38.4742059785358
363,"JV",159.011927308704,46.5982655566869
364,"JV",3.10087790336835,29.8139902966013
365,"JV",62.4280005408178,38.0778617739283
366,"JV",6.31201272356414,32.5963030151076
367,"JV",135.662784937923,38.9431521012402
368,"JV",169.697062951287,46.9961539832928
369,"JV",58.3555881090036,38.3856031784018
370,"JV",161.294160741936,46.9455106247181
371,"JV",97.0376267250902,38.8395067669507
372,"JV",50.7583888983957,34.3054234185894
373,"JV",167.547497224551,43.1056486629466
374,"JV",39.7674425261063,32.8404604404406
375,"JV",101.546654781723,41.5574702241184
376,"JV",1.89430707870595,27.8407056874448
377,"JV",73.2760483067715,37.4282236655745
378,"JV",0.667887838576976,30.9287784702439
379,"JV",8.24213905533739,34.1521153336263
380,"JV",4.70984101963567,24.8511487602566
381,"JV",93.7110481660528,39.823763911362
382,"JV",157.105104275467,49.2210889405024
383,"JV",16.6544055306713,32.8092848707053
384,"JV",46.2485644896105,28.0963184750905
385,"JV",193.343100450078,49.002550270511
386,"JV",85.1919034468621,43.0003631495938
387,"JV",70.1563859111433,33.5357095049193
388,"JV",6.56719514365133,31.1872054927122
389,"JV",5.67044912566359,28.036745545731
390,"JV",43.7678351660517,38.0367603864844
391,"JV",177.573816246802,51.8223030702484
392,"JV",110.614417603346,42.0994327941804
393,"JV",14.8402701307766,33.2325752038376
394,"JV",0.0463996607192912,29.5972630302495
395,"JV",0.267600915790188,37.6544524144096
396,"JV",80.1518818729843,41.5949606993585
397,"JV",2.47081905017936,25.6095511971045
398,"JV",117.848927729852,36.9773172084386
399,"JV",43.7834015237756,34.3347336848971
400,"JV",0.0324219813740618,28.8268001238927
401,"JV",15.9307075994126,32.4400975600998
402,"JV",25.4154395620504,31.0700209855974
403,"JV",81.4693955391362,36.2002736879234
404,"JV",2.54161091630363,33.6432269751867
405,"JV",25.6283320683538,35.7727700996346
406,"JV",0.729864518619693,32.5299823414676
407,"JV",0.0711459822339693,29.9136473026319
408,"JV",32.0008571814305,36.130756354931
409,"JV",22.4009047460333,26.7805659389487
410,"JV",102.731090498366,35.5060161105843
411,"JV",182.686764689566,52.3817625170329
412,"JV",38.6006353844043,32.2959811439246
413,"JV",15.5086191302948,32.555944517115
414,"JV",78.5777556378425,44.2564991467035
415,"JV",10.5256087699931,29.6131379478331
416,"JV",6.10580533122929,26.957851750693
417,"JV",32.2008522744682,22.8472704005207
418,"JV",10.5340049713533,30.4013618872121
419,"JV",178.105758208076,47.1631830590324
420,"JV",23.0364516901294,35.6501976640273
421,"JV",4.48207526653523,28.591337298783
422,"JV",0.229601207179188,28.9729320629399
423,"JV",113.77464948944,40.9043803611515
424,"JV",28.1060392710139,34.0088734325631
425,"JV",9.8143972797433,33.1989904579487
426,"JV",11.9279131726226,28.7873423378896
427,"JV",20.5225786490969,33.0458284106997
428,"JV",19.4173570306025,33.1744776532552
429,"JV",19.2259671101049,32.1747493074928
430,"JV",111.499234223625,46.086735361683
431,"JV",113.8007954762,35.1582259688756
432,"JV",18.498575525006,34.0058545519358
433,"JV",96.5592966639428,43.9572975652234
434,"JV",15.2051916904417,27.166182884726
435,"JV",141.027272068152,44.6107871076309
436,"JV",33.4200176958012,29.9326943620351
437,"JV",140.127176600254,42.7602877488772
438,"JV",22.8160034011279,32.4044720390848
439,"JV",193.021642856587,48.7205200817774
440,"JV",9.32949208037442,37.7883670567663
441,"JV",46.0519992743828,34.2855693656823
442,"JV",11.9640053403599,26.4574336694718
443,"JV",0.00133414185674575,27.3573554111372
444,"JV",5.2234503763858,29.4026553229816
445,"JV",11.9867045718337,29.6271450568884
446,"JV",70.8141576469925,39.2633410444477
447,"JV",6.07519560412805,28.2064295676952
448,"JV",52.070908144515,37.1248666008547
449,"JV",22.081789700007,31.0682577888264
450,"JV",0.031052853504405,25.9848234169708
451,"JV",147.193580654329,44.4834872557451
452,"JV",45.3732851165431,32.3310797137114
453,"JV",11.1218677326013,31.1601691485692
454,"JV",91.0793717385618,44.8074861492008
455,"JV",5.53355921632343,30.225134331181
456,"JV",33.8586780083182,32.8365733352875
457,"JV",84.8627343859165,33.3469261109938
458,"JV",92.2326711960947,40.0002263763554
459,"JV",105.834912233072,39.9557838059141
460,"JV",130.584039383482,48.2271504730803
461,"JV",24.8653062623386,25.6714710325856
462,"JV",138.824178949392,40.9563364141137
463,"JV",76.9114614756734,35.8335787412922
464,"JV",0.0603688225381901,30.2453358565312
465,"JV",85.4208378536731,36.37711964451
466,"JV",29.5257387164801,33.6410740680686
467,"JV",72.5444747392552,45.9124077627539
468,"JV",4.09687172869355,29.0564888841712
469,"JV",11.069676119626,31.4542441209585
470,"JV",45.3684283453929,31.9417981267285
471,"JV",109.634366755051,44.7546859668027
472,"JV",22.7168416968037,27.9585707762638
473,"JV",0.00714612377090414,28.5087170041833
474,"JV",17.7515214625364,32.704502336019
475,"JV",97.1019194112063,42.7197333789109
476,"JV",151.748757026226,46.0610182299982
477,"JV",76.0440051307894,39.8605603673236
478,"JV",0.0900130601367595,25.1138625388986
479,"JV",190.872187100579,47.0688392100427
480,"JV",118.036749582157,41.4850105922518
481,"JV",62.6780930082001,39.9491287739945
482,"JV",43.7592045623474,34.3232182710805
483,"JV",49.2990196468257,34.063380972272
484,"JV",29.8185640046546,33.2566764691555
485,"JV",150.657066900274,41.2593023176905
486,"JV",145.71231305423,39.5997752215911
487,"JV",109.086404403069,42.4104897998263
488,"JV",56.4130895672319,32.464781789656
489,"JV",40.2771528449135,35.0399627855581
490,"JV",95.5597098657179,35.0946175063849
491,"JV",39.0489204872189,31.3380770733901
492,"JV",62.3789854594119,36.4482972811109
493,"JV",51.6469060510455,31.1806600080347
494,"JV",96.1419713718628,39.043892427786
495,"JV",2.25563218912938,31.031431403077
496,"JV",16.1413533148243,37.2326024758703
497,"JV",153.682808999961,43.0528774246527
498,"JV",155.306196149065,47.1017571387287
499,"JV",12.0360027598471,33.668934293731
500,"JV",163.324760952098,54.4959907018114
501,"Varsity",134.259757136807,79.6229520498734
502,"Varsity",187.1553854841,81.8668583162034
503,"Varsity",192.07883487457,83.8643303157866
504,"Varsity",71.5540453868372,65.9328646395943
505,"Varsity",124.408926959005,76.1585403585224
506,"Varsity",28.3754436984948,60.6677040560863
507,"Varsity",151.272620745935,77.4219066311112
508,"Varsity",183.464841274477,78.7560133448575
509,"Varsity",199.652815755522,78.185154014177
510,"Varsity",174.388199317137,78.866987154631
511,"Varsity",100.818233007422,73.0779969649799
512,"Varsity",162.18073520308,78.4309220646166
513,"Varsity",140.6343666772,70.1834038710751
514,"Varsity",152.453666637735,69.6601273269311
515,"Varsity",199.605521184188,79.2135587308417
516,"Varsity",112.503606682713,66.981131889441
517,"Varsity",129.881338076835,73.02370893432
518,"Varsity",195.013536675628,79.43670529514
519,"Varsity",108.989966590538,69.1463270720593
520,"Varsity",173.566215210526,71.4750440761779
521,"Varsity",175.921319228234,76.0056687008723
522,"Varsity",199.998939369172,78.4910687423494
523,"Varsity",190.164669848864,73.2030521155761
524,"Varsity",194.174155635651,81.5058167034329
525,"Varsity",99.0377099566701,69.3211501604238
526,"Varsity",191.107155712342,79.3051239205308
527,"Varsity",148.371753470187,76.9292541862725
528,"Varsity",101.257849795862,74.1886853755683
529,"Varsity",149.602559662873,70.3803552203985
530,"Varsity",146.290694003499,82.7765043112623
531,"Varsity",68.7503296417295,64.5165512913793
532,"Varsity",93.8620766173165,69.699708394417
533,"Varsity",160.792582000856,77.99149603076
534,"Varsity",31.0322677599512,61.4399421724932
535,"Varsity",199.837366919053,83.9177985626426
536,"Varsity",68.8267389570228,65.7542895248186
537,"Varsity",195.725847339752,78.8423293295194
538,"Varsity",134.764521570371,81.9227610619191
539,"Varsity",91.2501801360191,69.281497786753
540,"Varsity",63.7926351105173,67.9230376976708
541,"Varsity",180.620849085432,70.5863726715167
542,"Varsity",193.173524781284,79.829159130621
543,"Varsity",138.779353680904,73.9317677014543
544,"Varsity",196.739393338931,74.3830290694513
545,"Varsity",146.210806317968,73.7669823123016
546,"Varsity",95.3521282922593,66.35775570416
547,"Varsity",195.532662811921,76.3621878762241
548,"Varsity",109.378837898327,70.6754822183088
549,"Varsity",189.96405105065,79.3124148642875
550,"Varsity",20.6860934504194,62.9002173504658
551,"Varsity",196.277726521239,84.3320842050218
552,"Varsity",46.8230680073697,62.8433864815414
553,"Varsity",185.085176411021,78.5191351106366
554,"Varsity",16.6729623499857,62.4548531998579
555,"Varsity",84.2203270703235,71.2012775189539
556,"Varsity",129.664852552044,68.9790790489653
557,"Varsity",114.683595617862,71.6298311788327
558,"Varsity",199.129600254945,80.4502813419521
559,"Varsity",48.0372145633312,60.2670699165667
560,"Varsity",116.85332207723,67.0198711031331
561,"Varsity",190.345962345547,83.4381085026793
562,"Varsity",195.722324435158,82.2421963883147
563,"Varsity",199.272957656371,77.741817967953
564,"Varsity",136.799688807532,74.5596894091469
565,"Varsity",23.3310531424032,61.8225282293543
566,"Varsity",135.181764838149,70.8168335726242
567,"Varsity",165.068089204403,79.4158143864908
568,"Varsity",175.366840320711,75.1922011854151
569,"Varsity",187.057242880298,79.199863632668
570,"Varsity",15.5865134096118,63.6065824079915
571,"Varsity",141.330552618482,78.1920366684668
572,"Varsity",190.574841710758,76.729614680394
573,"Varsity",81.8037829709189,72.8619840975093
574,"Varsity",26.4799638528481,69.9853042961684
575,"Varsity",64.3758888112046,66.8674978847694
576,"Varsity",38.2724009701613,60.8530439709399
577,"Varsity",198.999706099849,77.1875964117326
578,"Varsity",158.34186133688,73.8993946585561
579,"Varsity",141.952380950989,76.0084902374625
580,"Varsity",178.492876961828,82.668795898003
581,"Varsity",198.532298002518,79.9366821283666
582,"Varsity",183.416088611423,75.3475832547579
583,"Varsity",99.2065630292505,68.1233695041425
584,"Varsity",67.7224108048238,70.7973803217313
585,"Varsity",199.020913905925,74.8181334672398
586,"Varsity",20.9264487438633,61.9798959613139
587,"Varsity",187.935562291464,76.675988686399
588,"Varsity",192.024118435078,82.2312845075321
589,"Varsity",161.265544495367,77.3101326514259
590,"Varsity",162.294587577869,75.2173829330271
591,"Varsity",198.409701109802,73.5395270142019
592,"Varsity",106.721167756192,71.518440949684
593,"Varsity",127.460687153209,68.6519607862608
594,"Varsity",136.13715301674,71.7782370546673
595,"Varsity",127.871863943898,78.1538960515882
596,"Varsity",28.8582149210865,69.0344479053327
597,"Varsity",158.882294137039,79.659751397898
598,"Varsity",199.973051574805,80.6011551579026
599,"Varsity",151.519831310181,73.059524701068
600,"Varsity",199.666740083229,81.6610141009901
601,"Varsity",147.496486848028,77.6736320547009
602,"Varsity",177.893908224553,80.8524090322113
603,"Varsity",144.53008784282,70.0502038705674
604,"Varsity",187.414187108193,74.7383718455729
605,"Varsity",78.7009696750141,64.7980183762804
606,"Varsity",71.0094021649725,68.499098198405
607,"Varsity",196.6494376449,74.8028442191193
608,"Varsity",178.724805487002,80.712369903592
609,"Varsity",80.5334731009952,62.8228172185271
610,"Varsity",197.887180621922,81.2411279546272
611,"Varsity",88.2916720542904,68.4766805260812
612,"Varsity",163.27517911849,76.6379079138924
613,"Varsity",77.9014664376009,74.4897093628343
614,"Varsity",181.205401425312,77.7894896899599
615,"Varsity",199.809728164118,79.9730172260478
616,"Varsity",177.018350145957,76.5104495624767
617,"Varsity",188.509306457715,81.5185280351426
618,"Varsity",175.601850333734,82.4649576285568
619,"Varsity",189.835275983428,75.4435183311256
620,"Varsity",4.1879212857449,61.3497528940266
621,"Varsity",11.0604111229055,55.3837925364098
622,"Varsity",161.309684992565,81.6295896594482
623,"Varsity",126.25098625474,74.2759880984246
624,"Varsity",185.158339858291,83.8389558788177
625,"Varsity",198.371874382484,78.171423077303
626,"Varsity",126.008473087543,73.6143526442319
627,"Varsity",199.359245892669,84.19050879028
628,"Varsity",198.920885554708,81.8534392031186
629,"Varsity",10.0363249985557,64.1128528247995
630,"Varsity",199.828791286885,84.4515308652102
631,"Varsity",4.45096507701996,59.3891977739676
632,"Varsity",150.575730741431,75.5248585822448
633,"Varsity",37.1976530859573,64.0081977346849
634,"Varsity",198.414612105527,78.3102158895432
635,"Varsity",36.9016090675174,56.533481805739
636,"Varsity",192.144163513981,77.2506313891919
637,"Varsity",193.162044079353,84.5789503395988
638,"Varsity",180.397164146028,86.1021049412011
639,"Varsity",184.957719775177,74.9909490666426
640,"Varsity",165.373678396048,74.3093916777209
641,"Varsity",199.892962884037,72.705087084072
642,"Varsity",183.576994299374,79.3060255971391
643,"Varsity",172.399995059419,75.446682247228
644,"Varsity",159.999046834774,71.7242480240493
645,"Varsity",129.675569111346,71.9253810741943
646,"Varsity",199.535851174002,76.5467091165104
647,"Varsity",199.763128317726,83.3191821076032
648,"Varsity",160.143545867149,77.4956696408491
649,"Varsity",193.92046480101,79.763816227032
650,"Varsity",124.680903491616,75.6759192462464
651,"Varsity",192.446776585076,81.0270354678129
652,"Varsity",185.494155824289,70.308291416455
653,"Varsity",197.760948296503,80.7626066245835
654,"Varsity",2.57586925778648,62.0215255694874
655,"Varsity",141.775143805344,75.3147704501149
656,"Varsity",15.378764380116,59.4317133818187
657,"Varsity",181.157122771511,78.5714035810973
658,"Varsity",166.103992166218,76.0560122085852
659,"Varsity",197.852328325621,75.6973948231389
660,"Varsity",199.969754633516,86.8817205606327
661,"Varsity",11.5150410685816,55.6734990122222
662,"Varsity",126.286426472605,70.2637646172015
663,"Varsity",160.53401552492,80.2052575433809
664,"Varsity",72.8769885912558,61.5788817877772
665,"Varsity",77.4758669085737,70.1349698973586
666,"Varsity",140.42548063429,72.9218247970434
667,"Varsity",74.6431975950351,66.2276242401718
668,"Varsity",199.313501755973,73.1844794074093
669,"Varsity",86.6738353879149,66.1933102746214
670,"Varsity",193.583224091874,80.8056785601029
671,"Varsity",181.057486520901,76.6961358594292
672,"Varsity",196.530653418425,83.8830670723063
673,"Varsity",158.082758414295,76.0401797856813
674,"Varsity",155.859052644744,75.5457660006558
675,"Varsity",55.4818241672289,65.2449308962925
676,"Varsity",193.486600770122,80.7988839616964
677,"Varsity",189.410761290183,83.447291253793
678,"Varsity",199.084746965265,82.8951064127751
679,"Varsity",186.129127956265,81.4540355826869
680,"Varsity",199.997987538521,85.3961622503078
681,"Varsity",185.679937482172,77.0806076754126
682,"Varsity",63.6276406861352,66.1828609472228
683,"Varsity",181.057337480336,84.6305854401146
684,"Varsity",135.598881842133,71.8467248613968
685,"Varsity",198.707880041325,82.4210821197761
686,"Varsity",149.730146409855,76.0466375999268
687,"Varsity",96.9401616917372,76.8299803170631
688,"Varsity",114.497487816774,77.043944063637
689,"Varsity",104.433133315829,71.2809988605808
690,"Varsity",55.7829012321029,67.6824199260249
691,"Varsity",193.130547271829,68.8550412270134
692,"Varsity",134.01480810527,73.1813784107811
693,"Varsity",189.84532269155,81.3863601802095
694,"Varsity",114.566989720011,80.068227884941
695,"Varsity",198.043773735585,80.257183506845
696,"Varsity",188.413465083131,81.0362845951695
697,"Varsity",158.533443203264,76.1470813339666
698,"Varsity",65.1111711781021,62.1262989751642
699,"Varsity",189.938628701017,79.3053807361184
700,"Varsity",120.043317297171,74.2067764295634
701,"Varsity",198.147535122951,80.837124711981
702,"Varsity",157.070373977817,78.2821074799642
703,"Varsity",93.7040345992924,69.3553822199023
704,"Varsity",82.5297470395775,66.691517709799
705,"Varsity",199.885093402318,83.538558681537
706,"Varsity",156.57193608795,71.139221571164
707,"Varsity",91.2411568803627,71.7645613205245
708,"Varsity",184.363949707122,78.9122203708688
709,"Varsity",22.7348082833554,53.1383940861259
710,"Varsity",147.557324277105,72.992793213265
711,"Varsity",149.572826675004,79.4815327073093
712,"Varsity",189.258136444008,71.6667639632133
713,"Varsity",172.934650219297,82.3816031290505
714,"Varsity",51.4057505154501,70.177074756954
715,"Varsity",95.9226680025856,73.7379135907199
716,"Varsity",199.331765812289,79.6897499200133
717,"Varsity",64.1306902133797,64.4548237567236
718,"Varsity",123.654372692135,66.9254327657613
719,"Varsity",97.1094397134716,69.438020160055
720,"Varsity",186.054091231044,77.8180933782681
721,"Varsity",198.135974277565,86.5002509760575
722,"Varsity",153.344647143223,76.2516301989111
723,"Varsity",8.10927290494505,58.9502605509001
724,"Varsity",170.963122505197,80.5989395143877
725,"Varsity",8.30447569811166,63.7380838050286
726,"Varsity",197.226150727932,78.0056417186705
727,"Varsity",42.3715749918413,65.8876112471659
728,"Varsity",84.510059575732,66.2736541970697
729,"Varsity",197.759621466435,77.3904102202947
730,"Varsity",119.276240497074,68.8116584512793
731,"Varsity",195.852040065144,78.1877504918093
732,"Varsity",114.123498642325,67.9281840468769
733,"Varsity",80.1907972167305,70.949411980638
734,"Varsity",52.5192975001353,67.5492888679075
735,"Varsity",162.754197399306,75.8648010296658
736,"Varsity",192.274821415858,84.9371907619061
737,"Varsity",190.445379292414,80.8092498542285
738,"Varsity",24.1381280801705,64.8489177459099
739,"Varsity",186.089285115373,77.2294643175912
740,"Varsity",182.390074378288,83.2084038354025
741,"Varsity",187.707095656916,79.1946692803798
742,"Varsity",66.1155266097013,64.9680762790505
743,"Varsity",172.543011996434,80.3612392998653
744,"Varsity",65.6884906181798,63.7518620549629
745,"Varsity",179.428175417191,74.1815405095388
746,"Varsity",162.293206338484,80.8741946312001
747,"Varsity",32.7897085345189,66.7722089652049
748,"Varsity",199.757683183513,83.6318816363605
749,"Varsity",199.982447705414,82.36810846064
750,"Varsity",198.06952933834,80.5189245802495
751,"Varsity",144.37968016097,71.1151601116995
752,"Varsity",65.9852707736255,64.7269765822926
753,"Varsity",186.341119034991,77.7775334548128
754,"Varsity",171.11307776225,80.4752064016315
755,"Varsity",37.6563609069498,63.1163594053786
756,"Varsity",162.886478063226,78.6648927724961
757,"Varsity",127.693418985652,74.8776611976434
758,"Varsity",32.1702274494107,62.0004457227904
759,"Varsity",193.541937863334,74.7045367101715
760,"Varsity",94.6725856020974,68.8785193355153
761,"Varsity",169.453338778688,75.6819366491813
762,"Varsity",112.829597929903,65.6928276105773
763,"Varsity",176.152362278638,76.3704248558694
764,"Varsity",199.469966214706,84.4184773311035
765,"Varsity",41.330146024221,61.6204443397736
766,"Varsity",106.667504745946,68.3186062317465
767,"Varsity",186.343247995044,84.7458884318977
768,"Varsity",197.810327804426,80.0837847808427
769,"Varsity",113.281136691866,65.5792662515645
770,"Varsity",77.2289196667437,63.4110130385441
771,"Varsity",21.5667614481941,69.6352836738498
772,"Varsity",199.585428461992,83.9725321856186
773,"Varsity",190.418486567367,78.4375897835509
774,"Varsity",62.5514342857552,59.398719164668
775,"Varsity",160.550206596278,69.4363773830885
776,"Varsity",96.590110038094,64.9237348704852
777,"Varsity",90.8560893644112,64.126405619066
778,"Varsity",189.253631743349,77.7864838573834
779,"Varsity",176.852209827797,81.8633203694738
780,"Varsity",185.745024368187,76.9301306254806
781,"Varsity",14.2084194474085,58.6390589386673
782,"Varsity",197.81155723052,75.592878265659
783,"Varsity",199.978505793555,75.6842620098645
784,"Varsity",13.1659821627066,59.8362645730677
785,"Varsity",4.1684477344057,55.9732712859013
786,"Varsity",196.727777794612,85.7127761338119
787,"Varsity",179.455517789384,76.9435050329026
788,"Varsity",115.453936965405,74.9579804344257
789,"Varsity",140.574207301813,71.7615096701224
790,"Varsity",145.96144874738,74.8545128138653
791,"Varsity",50.511208673923,61.556126843029
792,"Varsity",55.5837649444101,62.7360112940942
793,"Varsity",179.613029412628,76.3730670704281
794,"Varsity",49.8979755287113,64.3311728469004
795,"Varsity",123.632754286344,73.0104526830645
796,"Varsity",189.44348789189,79.517075975667
797,"Varsity",199.6459958722,82.6775570295776
798,"Varsity",175.044716456132,74.7121126665364
799,"Varsity",56.7160804200914,69.0459783325643
800,"Varsity",123.718731172674,74.126474043422
801,"Varsity",199.200639138447,74.5455205053515
802,"Varsity",119.745373178558,67.3708259059495
803,"Varsity",188.376410559471,84.2650411505648
804,"Varsity",194.736986654876,80.0963962625778
805,"Varsity",60.6436210311498,64.9603017555569
806,"Varsity",199.434167122414,80.8171809276064
807,"Varsity",143.896441113257,69.7606841481021
808,"Varsity",199.141653759839,78.9923169020357
809,"Varsity",73.8661889439965,69.823781445269
810,"Varsity",195.852245528947,77.7439127012432
811,"Varsity",10.2886136791366,58.6830616610532
812,"Varsity",196.833209807425,76.9515146630399
813,"Varsity",199.945771915346,84.9569285403561
814,"Varsity",188.638481388348,80.546221424878
815,"Varsity",199.709919983379,74.7227462382548
816,"Varsity",194.516502100458,77.0554706111497
817,"Varsity",169.062487483772,69.8443585798185
818,"Varsity",34.7102641676804,63.5400143843669
819,"Varsity",33.9603621904792,64.2662164549997
820,"Varsity",179.165618643048,76.9411976149164
821,"Varsity",187.073454381175,74.763805560344
822,"Varsity",92.3812148393056,63.0321322888716
823,"Varsity",66.6973216640788,64.7352226699354
824,"Varsity",117.447681929996,63.5388190892427
825,"Varsity",189.716404683542,82.4322485688471
826,"Varsity",199.959310822184,77.536410425062
827,"Varsity",195.466419931992,70.1471548962193
828,"Varsity",88.7423290577777,72.4695725017677
829,"Varsity",172.06194361845,78.3884237532497
830,"Varsity",51.62608918414,55.5148404728995
831,"Varsity",154.039750443724,74.4276886056151
832,"Varsity",147.788310369362,71.1361968374618
833,"Varsity",197.794204146935,84.4198815806981
834,"Varsity",176.561620673827,84.3002275504549
835,"Varsity",197.750631034854,80.2816033047797
836,"Varsity",199.52586103067,83.4195096826918
837,"Varsity",183.649542709436,83.5013451522904
838,"Varsity",195.217952496547,77.9466709939167
839,"Varsity",149.526342415987,76.655232168512
840,"Varsity",174.462352898538,76.572623357342
841,"Varsity",196.400971831821,77.5287410201915
842,"Varsity",198.306308321466,81.1221272122758
843,"Varsity",172.729849827682,76.3302922533253
844,"Varsity",198.241252400503,82.9197123188677
845,"Varsity",199.501877063214,78.6143510017336
846,"Varsity",173.182508377699,73.7600837572762
847,"Varsity",42.99603506349,66.0585899347621
848,"Varsity",177.866877847134,80.8456729880885
849,"Varsity",152.815563818767,69.9465160569068
850,"Varsity",46.9514634923031,59.866021488562
851,"Varsity",197.990333712175,80.1502051606844
852,"Varsity",13.951562470342,61.8443903685114
853,"Varsity",95.1736485618443,67.4672810957099
854,"Varsity",157.59695173003,80.958146295416
855,"Varsity",18.8932377788774,56.1230346571346
856,"Varsity",189.819921424847,73.8080873103958
857,"Varsity",188.786311057272,77.5326780042228
858,"Varsity",176.618631970139,78.2504997827537
859,"Varsity",104.704926878681,66.4773651845422
860,"Varsity",166.902597538051,80.2842327778911
861,"Varsity",115.462459966868,70.4037032590729
862,"Varsity",123.557861524519,68.3693608908241
863,"Varsity",193.790821242784,75.84662177731
864,"Varsity",127.635047981782,69.5815389042244
865,"Varsity",199.982437991481,81.3377831774519
866,"Varsity",172.054983587668,73.5372710142265
867,"Varsity",162.646593691808,76.3060146261233
868,"Varsity",102.521822261596,65.7500679040231
869,"Varsity",196.521925361794,79.6455872341014
870,"Varsity",187.211553255281,79.2688129165826
871,"Varsity",7.64996678958099,65.2063867485231
872,"Varsity",199.859011020363,79.6069787379686
873,"Varsity",165.804880161605,79.358423872089
874,"Varsity",81.1012786158807,61.9941545009681
875,"Varsity",18.3613299052831,62.9799177129482
876,"Varsity",173.139012834899,77.2162773443448
877,"Varsity",19.8158066966532,66.6664658953286
878,"Varsity",172.804406438847,72.1511051928834
879,"Varsity",199.408238759621,82.6169930946902
880,"Varsity",109.771458212137,69.5373851412138
881,"Varsity",192.308422331483,79.3298384631018
882,"Varsity",189.006101382559,78.7945213666487
883,"Varsity",189.095903670286,79.7392629373845
884,"Varsity",7.02521550497877,58.5507924512912
885,"Varsity",110.94465176337,72.1164738942197
886,"Varsity",141.184587339533,75.4814446122245
887,"Varsity",43.0098420595002,63.479465892566
888,"Varsity",109.690841990557,69.565977902312
889,"Varsity",183.972586343065,85.505181237839
890,"Varsity",101.799487538777,66.1467345375116
891,"Varsity",54.5670949560372,64.5225243176553
892,"Varsity",5.0892940015389,62.5616390695837
893,"Varsity",199.997192021691,80.577725489922
894,"Varsity",115.553311502357,76.0978430803843
895,"Varsity",164.980457977786,78.0404947859626
896,"Varsity",189.468601659755,81.4921669917285
897,"Varsity",178.92642214894,81.2274271136124
898,"Varsity",133.36458548971,68.0678725680793
899,"Varsity",25.306198992455,62.276966743477
900,"Varsity",157.480499955692,77.9838032653985
901,"Varsity",187.272031564409,84.2966643816219
902,"Varsity",176.807626634872,70.8385276270806
903,"Varsity",198.228114458907,76.36216062025
904,"Varsity",100.072476809147,73.4726596927308
905,"Varsity",178.738892483046,81.3333871796192
906,"Varsity",51.8387988190799,63.3609648000515
907,"Varsity",163.406339045407,70.6412378869234
908,"Varsity",199.244965798392,76.4975089768202
909,"Varsity",199.705184334186,85.0868350177572
910,"Varsity",127.701952817418,64.8794468457993
911,"Varsity",192.768200905499,78.1606325505358
912,"Varsity",74.5452862822773,69.4207592135807
913,"Varsity",190.738570190504,78.6154992208264
914,"Varsity",37.5775620250153,63.6202003331045
915,"Varsity",197.709509369984,85.4391972888916
916,"Varsity",199.527525726524,78.6160672685207
917,"Varsity",180.155983408865,78.8723695428449
918,"Varsity",27.6194703936444,61.157859577319
919,"Varsity",199.999983365562,81.7707488728424
920,"Varsity",116.417282130066,70.2612487459502
921,"Varsity",180.531527912092,79.2601489745133
922,"Varsity",196.776112581909,79.2795933713602
923,"Varsity",197.770561229041,88.1096473963761
924,"Varsity",198.461176278103,85.8150971376562
925,"Varsity",196.139938748817,77.4216614626217
926,"Varsity",163.991494873096,74.471248699183
927,"Varsity",192.742686257358,74.3002792540957
928,"Varsity",199.823934977412,76.2092642894284
929,"Varsity",197.62144421296,72.8737215371538
930,"Varsity",136.399057101364,75.9019833779058
931,"Varsity",180.56118362687,74.6858877280322
932,"Varsity",160.872441830924,75.6477299179616
933,"Varsity",11.9501551279512,67.4022254270113
934,"Varsity",39.3547362333341,66.2285582981422
935,"Varsity",84.2566997494343,63.8862103969569
936,"Varsity",197.928928223442,76.8432493056106
937,"Varsity",199.995463346054,73.5149525487919
938,"Varsity",199.582323926518,75.7024378045663
939,"Varsity",199.949079758111,85.1913633962495
940,"Varsity",107.143224892388,72.3206533635556
941,"Varsity",150.773897765729,70.2466941429569
942,"Varsity",197.555093579409,81.878303602877
943,"Varsity",2.74399708811683,62.854468359521
944,"Varsity",199.717658574368,76.1359277924387
945,"Varsity",88.3016272704195,68.3130593471678
946,"Varsity",197.166516676337,80.0954615189233
947,"Varsity",29.1094220440889,64.0992425364578
948,"Varsity",102.763360132216,73.0758683298412
949,"Varsity",20.8111847881339,63.9592648749155
950,"Varsity",144.988390723019,74.6568042465817
951,"Varsity",196.555687608011,88.9048689783877
952,"Varsity",109.428640736235,70.6944368192723
953,"Varsity",168.081650385978,70.7460071454595
954,"Varsity",4.55414172505249,57.1746707792658
955,"Varsity",199.48022114734,78.6180761043754
956,"Varsity",8.23017241732047,63.8514958357161
957,"Varsity",40.0268256019825,58.9937908118392
958,"Varsity",199.972644027195,75.2341794276445
959,"Varsity",65.2286370725494,65.5239872923021
960,"Varsity",100.672504652995,72.22046662348
961,"Varsity",190.9450739519,81.7229703550822
962,"Varsity",185.102790434386,77.3455013256606
963,"Varsity",198.364292478838,76.7229204178904
964,"Varsity",49.5243142834144,72.6400929384812
965,"Varsity",145.347244947258,76.1364353363618
966,"Varsity",198.269575259113,80.1531495217058
967,"Varsity",68.7626927311302,68.8981646041986
968,"Varsity",68.2698532764185,64.1997715713373
969,"Varsity",199.927682052338,80.7802427736706
970,"Varsity",132.738082247235,74.9206281016157
971,"Varsity",199.831508148712,77.449796672125
972,"Varsity",192.564356383039,78.3509366342714
973,"Varsity",197.637090394542,81.744260558157
974,"Varsity",199.375082825754,74.4556977101741
975,"Varsity",194.6179289062,83.4793876188568
976,"Varsity",103.016727353171,69.6374247739494
977,"Varsity",49.4322231582941,62.8983747804047
978,"Varsity",192.882816521169,76.602226625419
979,"Varsity",9.63421122975123,66.47824095949
980,"Varsity",23.7957518115252,61.0983900939753
981,"Varsity",199.983361675787,80.1503487162921
982,"Varsity",158.711698343714,73.7620289752493
983,"Varsity",178.082766642664,74.5829452453102
984,"Varsity",48.5999808658202,66.8880564365314
985,"Varsity",81.9293908440382,67.944921805581
986,"Varsity",55.4913828561933,66.1924452121176
987,"Varsity",199.64459279271,77.5914861625594
988,"Varsity",185.17365440487,81.9770490943905
989,"Varsity",102.819345571657,72.1274503632718
990,"Varsity",127.841518111199,74.2355200575921
991,"Varsity",118.414296137669,73.3967259329545
992,"Varsity",174.521458876164,81.7284504188461
993,"Varsity",184.528919509318,81.2337441282938
994,"Varsity",99.8749724309241,68.209330625717
995,"Varsity",35.4627375962386,64.898569487427
996,"Varsity",114.609674094174,71.5791156875355
997,"Varsity",114.146810199089,77.596173562181
998,"Varsity",183.8028160537,73.8113279268523
999,"Varsity",60.2954370208915,66.9504041101685
1000,"Varsity",111.526630966691,68.3541554924945
